Lower Threshold;Upper Threshold;Accuracy Rate;Number of Questions
0;1000;0.9729064039408867;311
0;900;0.9729064039408867;311
0;800;0.9729064039408867;309
0;700;0.9729064039408867;309
0;600;0.9729064039408867;306
0;500;0.9729064039408867;304
0;400;0.9729064039408867;303
0;300;0.9729064039408867;297
0;200;0.9692118226600985;283
0;100;0.9655172413793104;263
